layer,metric_name,score,n_samples,summary_mode,label_access,corruption,severity,split,is_observed,model_fingerprint
0,task_sens_dot,0.8423354798719135,2000,full,labels,gaussian_noise,1,score,True,274f49f21a03df6f7da7f330fed2fe31ff1b6bdd1be8fc9ce8088bf297fdd4e6
1,task_sens_dot,0.864691015705167,2000,full,labels,gaussian_noise,1,score,True,274f49f21a03df6f7da7f330fed2fe31ff1b6bdd1be8fc9ce8088bf297fdd4e6
2,task_sens_dot,0.8422630927417994,2000,full,labels,gaussian_noise,1,score,True,274f49f21a03df6f7da7f330fed2fe31ff1b6bdd1be8fc9ce8088bf297fdd4e6
3,task_sens_dot,0.9385700886677404,2000,full,labels,gaussian_noise,1,score,True,274f49f21a03df6f7da7f330fed2fe31ff1b6bdd1be8fc9ce8088bf297fdd4e6
4,task_sens_dot,0.9362673257311084,2000,full,labels,gaussian_noise,1,score,True,274f49f21a03df6f7da7f330fed2fe31ff1b6bdd1be8fc9ce8088bf297fdd4e6
5,task_sens_dot,0.8825784117779164,2000,full,labels,gaussian_noise,1,score,True,274f49f21a03df6f7da7f330fed2fe31ff1b6bdd1be8fc9ce8088bf297fdd4e6
6,task_sens_dot,0.8911781356047176,2000,full,labels,gaussian_noise,1,score,True,274f49f21a03df6f7da7f330fed2fe31ff1b6bdd1be8fc9ce8088bf297fdd4e6
7,task_sens_dot,0.8186453186458152,2000,full,labels,gaussian_noise,1,score,True,274f49f21a03df6f7da7f330fed2fe31ff1b6bdd1be8fc9ce8088bf297fdd4e6
8,task_sens_dot,0.8158657574893986,2000,full,labels,gaussian_noise,1,score,True,274f49f21a03df6f7da7f330fed2fe31ff1b6bdd1be8fc9ce8088bf297fdd4e6
9,task_sens_dot,0.8972007167456911,2000,full,labels,gaussian_noise,1,score,True,274f49f21a03df6f7da7f330fed2fe31ff1b6bdd1be8fc9ce8088bf297fdd4e6
10,task_sens_dot,1.0818587000905167,2000,full,labels,gaussian_noise,1,score,True,274f49f21a03df6f7da7f330fed2fe31ff1b6bdd1be8fc9ce8088bf297fdd4e6
11,task_sens_dot,0.9454327952197953,2000,full,labels,gaussian_noise,1,score,True,274f49f21a03df6f7da7f330fed2fe31ff1b6bdd1be8fc9ce8088bf297fdd4e6
0,task_sens_cos,0.00250354195656185,2000,full,labels,gaussian_noise,1,score,True,274f49f21a03df6f7da7f330fed2fe31ff1b6bdd1be8fc9ce8088bf297fdd4e6
1,task_sens_cos,0.0031819323468239573,2000,full,labels,gaussian_noise,1,score,True,274f49f21a03df6f7da7f330fed2fe31ff1b6bdd1be8fc9ce8088bf297fdd4e6
2,task_sens_cos,0.0029581270342116336,2000,full,labels,gaussian_noise,1,score,True,274f49f21a03df6f7da7f330fed2fe31ff1b6bdd1be8fc9ce8088bf297fdd4e6
3,task_sens_cos,0.003085118330336164,2000,full,labels,gaussian_noise,1,score,True,274f49f21a03df6f7da7f330fed2fe31ff1b6bdd1be8fc9ce8088bf297fdd4e6
4,task_sens_cos,0.0023740679395100007,2000,full,labels,gaussian_noise,1,score,True,274f49f21a03df6f7da7f330fed2fe31ff1b6bdd1be8fc9ce8088bf297fdd4e6
5,task_sens_cos,0.0017420669930681423,2000,full,labels,gaussian_noise,1,score,True,274f49f21a03df6f7da7f330fed2fe31ff1b6bdd1be8fc9ce8088bf297fdd4e6
6,task_sens_cos,0.001472748897385675,2000,full,labels,gaussian_noise,1,score,True,274f49f21a03df6f7da7f330fed2fe31ff1b6bdd1be8fc9ce8088bf297fdd4e6
7,task_sens_cos,0.001152266854517093,2000,full,labels,gaussian_noise,1,score,True,274f49f21a03df6f7da7f330fed2fe31ff1b6bdd1be8fc9ce8088bf297fdd4e6
8,task_sens_cos,0.0011482802910381612,2000,full,labels,gaussian_noise,1,score,True,274f49f21a03df6f7da7f330fed2fe31ff1b6bdd1be8fc9ce8088bf297fdd4e6
9,task_sens_cos,0.0016436620578826682,2000,full,labels,gaussian_noise,1,score,True,274f49f21a03df6f7da7f330fed2fe31ff1b6bdd1be8fc9ce8088bf297fdd4e6
10,task_sens_cos,0.0025660870758593282,2000,full,labels,gaussian_noise,1,score,True,274f49f21a03df6f7da7f330fed2fe31ff1b6bdd1be8fc9ce8088bf297fdd4e6
11,task_sens_cos,0.0019662283165768164,2000,full,labels,gaussian_noise,1,score,True,274f49f21a03df6f7da7f330fed2fe31ff1b6bdd1be8fc9ce8088bf297fdd4e6
0,task_sens_dot,2.4405568868452927,2000,full,labels,gaussian_noise,3,score,True,274f49f21a03df6f7da7f330fed2fe31ff1b6bdd1be8fc9ce8088bf297fdd4e6
1,task_sens_dot,2.4569950495790702,2000,full,labels,gaussian_noise,3,score,True,274f49f21a03df6f7da7f330fed2fe31ff1b6bdd1be8fc9ce8088bf297fdd4e6
2,task_sens_dot,2.3230969618385453,2000,full,labels,gaussian_noise,3,score,True,274f49f21a03df6f7da7f330fed2fe31ff1b6bdd1be8fc9ce8088bf297fdd4e6
3,task_sens_dot,2.577604267081163,2000,full,labels,gaussian_noise,3,score,True,274f49f21a03df6f7da7f330fed2fe31ff1b6bdd1be8fc9ce8088bf297fdd4e6
4,task_sens_dot,2.52849270209487,2000,full,labels,gaussian_noise,3,score,True,274f49f21a03df6f7da7f330fed2fe31ff1b6bdd1be8fc9ce8088bf297fdd4e6
5,task_sens_dot,2.474931380547241,2000,full,labels,gaussian_noise,3,score,True,274f49f21a03df6f7da7f330fed2fe31ff1b6bdd1be8fc9ce8088bf297fdd4e6
6,task_sens_dot,2.3938383354662784,2000,full,labels,gaussian_noise,3,score,True,274f49f21a03df6f7da7f330fed2fe31ff1b6bdd1be8fc9ce8088bf297fdd4e6
7,task_sens_dot,2.312587092331688,2000,full,labels,gaussian_noise,3,score,True,274f49f21a03df6f7da7f330fed2fe31ff1b6bdd1be8fc9ce8088bf297fdd4e6
8,task_sens_dot,2.230111412417184,2000,full,labels,gaussian_noise,3,score,True,274f49f21a03df6f7da7f330fed2fe31ff1b6bdd1be8fc9ce8088bf297fdd4e6
9,task_sens_dot,2.4578721817157207,2000,full,labels,gaussian_noise,3,score,True,274f49f21a03df6f7da7f330fed2fe31ff1b6bdd1be8fc9ce8088bf297fdd4e6
10,task_sens_dot,2.7496412653784255,2000,full,labels,gaussian_noise,3,score,True,274f49f21a03df6f7da7f330fed2fe31ff1b6bdd1be8fc9ce8088bf297fdd4e6
11,task_sens_dot,2.5082544065372328,2000,full,labels,gaussian_noise,3,score,True,274f49f21a03df6f7da7f330fed2fe31ff1b6bdd1be8fc9ce8088bf297fdd4e6
0,task_sens_cos,0.0032365608084622887,2000,full,labels,gaussian_noise,3,score,True,274f49f21a03df6f7da7f330fed2fe31ff1b6bdd1be8fc9ce8088bf297fdd4e6
1,task_sens_cos,0.004330213321887904,2000,full,labels,gaussian_noise,3,score,True,274f49f21a03df6f7da7f330fed2fe31ff1b6bdd1be8fc9ce8088bf297fdd4e6
2,task_sens_cos,0.004579889074829771,2000,full,labels,gaussian_noise,3,score,True,274f49f21a03df6f7da7f330fed2fe31ff1b6bdd1be8fc9ce8088bf297fdd4e6
3,task_sens_cos,0.005222596678424983,2000,full,labels,gaussian_noise,3,score,True,274f49f21a03df6f7da7f330fed2fe31ff1b6bdd1be8fc9ce8088bf297fdd4e6
4,task_sens_cos,0.004535864347457473,2000,full,labels,gaussian_noise,3,score,True,274f49f21a03df6f7da7f330fed2fe31ff1b6bdd1be8fc9ce8088bf297fdd4e6
5,task_sens_cos,0.0038349955448962986,2000,full,labels,gaussian_noise,3,score,True,274f49f21a03df6f7da7f330fed2fe31ff1b6bdd1be8fc9ce8088bf297fdd4e6
6,task_sens_cos,0.003228325185037554,2000,full,labels,gaussian_noise,3,score,True,274f49f21a03df6f7da7f330fed2fe31ff1b6bdd1be8fc9ce8088bf297fdd4e6
7,task_sens_cos,0.002868991980928315,2000,full,labels,gaussian_noise,3,score,True,274f49f21a03df6f7da7f330fed2fe31ff1b6bdd1be8fc9ce8088bf297fdd4e6
8,task_sens_cos,0.002737165380270192,2000,full,labels,gaussian_noise,3,score,True,274f49f21a03df6f7da7f330fed2fe31ff1b6bdd1be8fc9ce8088bf297fdd4e6
9,task_sens_cos,0.0035655971321597963,2000,full,labels,gaussian_noise,3,score,True,274f49f21a03df6f7da7f330fed2fe31ff1b6bdd1be8fc9ce8088bf297fdd4e6
10,task_sens_cos,0.004905450750646544,2000,full,labels,gaussian_noise,3,score,True,274f49f21a03df6f7da7f330fed2fe31ff1b6bdd1be8fc9ce8088bf297fdd4e6
11,task_sens_cos,0.004018061918926926,2000,full,labels,gaussian_noise,3,score,True,274f49f21a03df6f7da7f330fed2fe31ff1b6bdd1be8fc9ce8088bf297fdd4e6
0,task_sens_dot,5.815532931160676,2000,full,labels,gaussian_noise,5,score,True,274f49f21a03df6f7da7f330fed2fe31ff1b6bdd1be8fc9ce8088bf297fdd4e6
1,task_sens_dot,4.543488429375555,2000,full,labels,gaussian_noise,5,score,True,274f49f21a03df6f7da7f330fed2fe31ff1b6bdd1be8fc9ce8088bf297fdd4e6
2,task_sens_dot,4.088068926472056,2000,full,labels,gaussian_noise,5,score,True,274f49f21a03df6f7da7f330fed2fe31ff1b6bdd1be8fc9ce8088bf297fdd4e6
3,task_sens_dot,5.566604973270267,2000,full,labels,gaussian_noise,5,score,True,274f49f21a03df6f7da7f330fed2fe31ff1b6bdd1be8fc9ce8088bf297fdd4e6
4,task_sens_dot,5.858247356066938,2000,full,labels,gaussian_noise,5,score,True,274f49f21a03df6f7da7f330fed2fe31ff1b6bdd1be8fc9ce8088bf297fdd4e6
5,task_sens_dot,5.559677917339455,2000,full,labels,gaussian_noise,5,score,True,274f49f21a03df6f7da7f330fed2fe31ff1b6bdd1be8fc9ce8088bf297fdd4e6
6,task_sens_dot,5.387396802616494,2000,full,labels,gaussian_noise,5,score,True,274f49f21a03df6f7da7f330fed2fe31ff1b6bdd1be8fc9ce8088bf297fdd4e6
7,task_sens_dot,5.316967542668722,2000,full,labels,gaussian_noise,5,score,True,274f49f21a03df6f7da7f330fed2fe31ff1b6bdd1be8fc9ce8088bf297fdd4e6
8,task_sens_dot,5.171443132075865,2000,full,labels,gaussian_noise,5,score,True,274f49f21a03df6f7da7f330fed2fe31ff1b6bdd1be8fc9ce8088bf297fdd4e6
9,task_sens_dot,6.061547749260777,2000,full,labels,gaussian_noise,5,score,True,274f49f21a03df6f7da7f330fed2fe31ff1b6bdd1be8fc9ce8088bf297fdd4e6
10,task_sens_dot,6.4702756936253785,2000,full,labels,gaussian_noise,5,score,True,274f49f21a03df6f7da7f330fed2fe31ff1b6bdd1be8fc9ce8088bf297fdd4e6
11,task_sens_dot,5.60371845880815,2000,full,labels,gaussian_noise,5,score,True,274f49f21a03df6f7da7f330fed2fe31ff1b6bdd1be8fc9ce8088bf297fdd4e6
0,task_sens_cos,0.004725631007564652,2000,full,labels,gaussian_noise,5,score,True,274f49f21a03df6f7da7f330fed2fe31ff1b6bdd1be8fc9ce8088bf297fdd4e6
1,task_sens_cos,0.004802574210165842,2000,full,labels,gaussian_noise,5,score,True,274f49f21a03df6f7da7f330fed2fe31ff1b6bdd1be8fc9ce8088bf297fdd4e6
2,task_sens_cos,0.00499258663209433,2000,full,labels,gaussian_noise,5,score,True,274f49f21a03df6f7da7f330fed2fe31ff1b6bdd1be8fc9ce8088bf297fdd4e6
3,task_sens_cos,0.00764857553407285,2000,full,labels,gaussian_noise,5,score,True,274f49f21a03df6f7da7f330fed2fe31ff1b6bdd1be8fc9ce8088bf297fdd4e6
4,task_sens_cos,0.007731014003306199,2000,full,labels,gaussian_noise,5,score,True,274f49f21a03df6f7da7f330fed2fe31ff1b6bdd1be8fc9ce8088bf297fdd4e6
5,task_sens_cos,0.006943792724793152,2000,full,labels,gaussian_noise,5,score,True,274f49f21a03df6f7da7f330fed2fe31ff1b6bdd1be8fc9ce8088bf297fdd4e6
6,task_sens_cos,0.006327727688785526,2000,full,labels,gaussian_noise,5,score,True,274f49f21a03df6f7da7f330fed2fe31ff1b6bdd1be8fc9ce8088bf297fdd4e6
7,task_sens_cos,0.006148498947445047,2000,full,labels,gaussian_noise,5,score,True,274f49f21a03df6f7da7f330fed2fe31ff1b6bdd1be8fc9ce8088bf297fdd4e6
8,task_sens_cos,0.005952759670731799,2000,full,labels,gaussian_noise,5,score,True,274f49f21a03df6f7da7f330fed2fe31ff1b6bdd1be8fc9ce8088bf297fdd4e6
9,task_sens_cos,0.007598062037219907,2000,full,labels,gaussian_noise,5,score,True,274f49f21a03df6f7da7f330fed2fe31ff1b6bdd1be8fc9ce8088bf297fdd4e6
10,task_sens_cos,0.009130186190519318,2000,full,labels,gaussian_noise,5,score,True,274f49f21a03df6f7da7f330fed2fe31ff1b6bdd1be8fc9ce8088bf297fdd4e6
11,task_sens_cos,0.007337651872908102,2000,full,labels,gaussian_noise,5,score,True,274f49f21a03df6f7da7f330fed2fe31ff1b6bdd1be8fc9ce8088bf297fdd4e6
0,task_sens_dot,3.555318572047415,2000,full,labels,defocus_blur,1,score,True,274f49f21a03df6f7da7f330fed2fe31ff1b6bdd1be8fc9ce8088bf297fdd4e6
1,task_sens_dot,2.1156750621669365,2000,full,labels,defocus_blur,1,score,True,274f49f21a03df6f7da7f330fed2fe31ff1b6bdd1be8fc9ce8088bf297fdd4e6
2,task_sens_dot,2.177978457229466,2000,full,labels,defocus_blur,1,score,True,274f49f21a03df6f7da7f330fed2fe31ff1b6bdd1be8fc9ce8088bf297fdd4e6
3,task_sens_dot,2.0361918423569003,2000,full,labels,defocus_blur,1,score,True,274f49f21a03df6f7da7f330fed2fe31ff1b6bdd1be8fc9ce8088bf297fdd4e6
4,task_sens_dot,2.0559883907885954,2000,full,labels,defocus_blur,1,score,True,274f49f21a03df6f7da7f330fed2fe31ff1b6bdd1be8fc9ce8088bf297fdd4e6
5,task_sens_dot,1.9872677228016462,2000,full,labels,defocus_blur,1,score,True,274f49f21a03df6f7da7f330fed2fe31ff1b6bdd1be8fc9ce8088bf297fdd4e6
6,task_sens_dot,1.9890147098780793,2000,full,labels,defocus_blur,1,score,True,274f49f21a03df6f7da7f330fed2fe31ff1b6bdd1be8fc9ce8088bf297fdd4e6
7,task_sens_dot,1.906782858530151,2000,full,labels,defocus_blur,1,score,True,274f49f21a03df6f7da7f330fed2fe31ff1b6bdd1be8fc9ce8088bf297fdd4e6
8,task_sens_dot,1.8144396788601669,2000,full,labels,defocus_blur,1,score,True,274f49f21a03df6f7da7f330fed2fe31ff1b6bdd1be8fc9ce8088bf297fdd4e6
9,task_sens_dot,1.873436488402494,2000,full,labels,defocus_blur,1,score,True,274f49f21a03df6f7da7f330fed2fe31ff1b6bdd1be8fc9ce8088bf297fdd4e6
10,task_sens_dot,1.9151805465847347,2000,full,labels,defocus_blur,1,score,True,274f49f21a03df6f7da7f330fed2fe31ff1b6bdd1be8fc9ce8088bf297fdd4e6
11,task_sens_dot,1.7805682614824976,2000,full,labels,defocus_blur,1,score,True,274f49f21a03df6f7da7f330fed2fe31ff1b6bdd1be8fc9ce8088bf297fdd4e6
0,task_sens_cos,0.007096871389111879,2000,full,labels,defocus_blur,1,score,True,274f49f21a03df6f7da7f330fed2fe31ff1b6bdd1be8fc9ce8088bf297fdd4e6
1,task_sens_cos,0.005515113952107773,2000,full,labels,defocus_blur,1,score,True,274f49f21a03df6f7da7f330fed2fe31ff1b6bdd1be8fc9ce8088bf297fdd4e6
2,task_sens_cos,0.006259401431616032,2000,full,labels,defocus_blur,1,score,True,274f49f21a03df6f7da7f330fed2fe31ff1b6bdd1be8fc9ce8088bf297fdd4e6
3,task_sens_cos,0.005673311446437168,2000,full,labels,defocus_blur,1,score,True,274f49f21a03df6f7da7f330fed2fe31ff1b6bdd1be8fc9ce8088bf297fdd4e6
4,task_sens_cos,0.004754657621371277,2000,full,labels,defocus_blur,1,score,True,274f49f21a03df6f7da7f330fed2fe31ff1b6bdd1be8fc9ce8088bf297fdd4e6
5,task_sens_cos,0.0037332870662813377,2000,full,labels,defocus_blur,1,score,True,274f49f21a03df6f7da7f330fed2fe31ff1b6bdd1be8fc9ce8088bf297fdd4e6
6,task_sens_cos,0.0030217803337849194,2000,full,labels,defocus_blur,1,score,True,274f49f21a03df6f7da7f330fed2fe31ff1b6bdd1be8fc9ce8088bf297fdd4e6
7,task_sens_cos,0.002565247563266382,2000,full,labels,defocus_blur,1,score,True,274f49f21a03df6f7da7f330fed2fe31ff1b6bdd1be8fc9ce8088bf297fdd4e6
8,task_sens_cos,0.0024041532078275057,2000,full,labels,defocus_blur,1,score,True,274f49f21a03df6f7da7f330fed2fe31ff1b6bdd1be8fc9ce8088bf297fdd4e6
9,task_sens_cos,0.0029837721053089625,2000,full,labels,defocus_blur,1,score,True,274f49f21a03df6f7da7f330fed2fe31ff1b6bdd1be8fc9ce8088bf297fdd4e6
10,task_sens_cos,0.0038910407206520377,2000,full,labels,defocus_blur,1,score,True,274f49f21a03df6f7da7f330fed2fe31ff1b6bdd1be8fc9ce8088bf297fdd4e6
11,task_sens_cos,0.003406838873287357,2000,full,labels,defocus_blur,1,score,True,274f49f21a03df6f7da7f330fed2fe31ff1b6bdd1be8fc9ce8088bf297fdd4e6
0,task_sens_dot,8.474546339438172,2000,full,labels,defocus_blur,3,score,True,274f49f21a03df6f7da7f330fed2fe31ff1b6bdd1be8fc9ce8088bf297fdd4e6
1,task_sens_dot,4.248300020166644,2000,full,labels,defocus_blur,3,score,True,274f49f21a03df6f7da7f330fed2fe31ff1b6bdd1be8fc9ce8088bf297fdd4e6
2,task_sens_dot,4.689587462305533,2000,full,labels,defocus_blur,3,score,True,274f49f21a03df6f7da7f330fed2fe31ff1b6bdd1be8fc9ce8088bf297fdd4e6
3,task_sens_dot,4.542334057752473,2000,full,labels,defocus_blur,3,score,True,274f49f21a03df6f7da7f330fed2fe31ff1b6bdd1be8fc9ce8088bf297fdd4e6
4,task_sens_dot,4.61925151677466,2000,full,labels,defocus_blur,3,score,True,274f49f21a03df6f7da7f330fed2fe31ff1b6bdd1be8fc9ce8088bf297fdd4e6
5,task_sens_dot,4.494208721660746,2000,full,labels,defocus_blur,3,score,True,274f49f21a03df6f7da7f330fed2fe31ff1b6bdd1be8fc9ce8088bf297fdd4e6
6,task_sens_dot,4.49151379904166,2000,full,labels,defocus_blur,3,score,True,274f49f21a03df6f7da7f330fed2fe31ff1b6bdd1be8fc9ce8088bf297fdd4e6
7,task_sens_dot,4.412522667088333,2000,full,labels,defocus_blur,3,score,True,274f49f21a03df6f7da7f330fed2fe31ff1b6bdd1be8fc9ce8088bf297fdd4e6
8,task_sens_dot,4.315669020012946,2000,full,labels,defocus_blur,3,score,True,274f49f21a03df6f7da7f330fed2fe31ff1b6bdd1be8fc9ce8088bf297fdd4e6
9,task_sens_dot,4.753665310140984,2000,full,labels,defocus_blur,3,score,True,274f49f21a03df6f7da7f330fed2fe31ff1b6bdd1be8fc9ce8088bf297fdd4e6
10,task_sens_dot,4.816274305528722,2000,full,labels,defocus_blur,3,score,True,274f49f21a03df6f7da7f330fed2fe31ff1b6bdd1be8fc9ce8088bf297fdd4e6
11,task_sens_dot,4.348661139756091,2000,full,labels,defocus_blur,3,score,True,274f49f21a03df6f7da7f330fed2fe31ff1b6bdd1be8fc9ce8088bf297fdd4e6
0,task_sens_cos,0.010983661630893758,2000,full,labels,defocus_blur,3,score,True,274f49f21a03df6f7da7f330fed2fe31ff1b6bdd1be8fc9ce8088bf297fdd4e6
1,task_sens_cos,0.00758373310532812,2000,full,labels,defocus_blur,3,score,True,274f49f21a03df6f7da7f330fed2fe31ff1b6bdd1be8fc9ce8088bf297fdd4e6
2,task_sens_cos,0.009120303890021822,2000,full,labels,defocus_blur,3,score,True,274f49f21a03df6f7da7f330fed2fe31ff1b6bdd1be8fc9ce8088bf297fdd4e6
3,task_sens_cos,0.008621849057057892,2000,full,labels,defocus_blur,3,score,True,274f49f21a03df6f7da7f330fed2fe31ff1b6bdd1be8fc9ce8088bf297fdd4e6
4,task_sens_cos,0.0074702846512989,2000,full,labels,defocus_blur,3,score,True,274f49f21a03df6f7da7f330fed2fe31ff1b6bdd1be8fc9ce8088bf297fdd4e6
5,task_sens_cos,0.006152989022799918,2000,full,labels,defocus_blur,3,score,True,274f49f21a03df6f7da7f330fed2fe31ff1b6bdd1be8fc9ce8088bf297fdd4e6
6,task_sens_cos,0.005182261907246828,2000,full,labels,defocus_blur,3,score,True,274f49f21a03df6f7da7f330fed2fe31ff1b6bdd1be8fc9ce8088bf297fdd4e6
7,task_sens_cos,0.004707751029652865,2000,full,labels,defocus_blur,3,score,True,274f49f21a03df6f7da7f330fed2fe31ff1b6bdd1be8fc9ce8088bf297fdd4e6
8,task_sens_cos,0.004553391193402841,2000,full,labels,defocus_blur,3,score,True,274f49f21a03df6f7da7f330fed2fe31ff1b6bdd1be8fc9ce8088bf297fdd4e6
9,task_sens_cos,0.0058252057893160535,2000,full,labels,defocus_blur,3,score,True,274f49f21a03df6f7da7f330fed2fe31ff1b6bdd1be8fc9ce8088bf297fdd4e6
10,task_sens_cos,0.007364161870430052,2000,full,labels,defocus_blur,3,score,True,274f49f21a03df6f7da7f330fed2fe31ff1b6bdd1be8fc9ce8088bf297fdd4e6
11,task_sens_cos,0.006350585896294899,2000,full,labels,defocus_blur,3,score,True,274f49f21a03df6f7da7f330fed2fe31ff1b6bdd1be8fc9ce8088bf297fdd4e6
0,task_sens_dot,14.329835894534753,2000,full,labels,defocus_blur,5,score,True,274f49f21a03df6f7da7f330fed2fe31ff1b6bdd1be8fc9ce8088bf297fdd4e6
1,task_sens_dot,5.85184054399565,2000,full,labels,defocus_blur,5,score,True,274f49f21a03df6f7da7f330fed2fe31ff1b6bdd1be8fc9ce8088bf297fdd4e6
2,task_sens_dot,6.5090796464003065,2000,full,labels,defocus_blur,5,score,True,274f49f21a03df6f7da7f330fed2fe31ff1b6bdd1be8fc9ce8088bf297fdd4e6
3,task_sens_dot,6.016374133477101,2000,full,labels,defocus_blur,5,score,True,274f49f21a03df6f7da7f330fed2fe31ff1b6bdd1be8fc9ce8088bf297fdd4e6
4,task_sens_dot,6.318668559467267,2000,full,labels,defocus_blur,5,score,True,274f49f21a03df6f7da7f330fed2fe31ff1b6bdd1be8fc9ce8088bf297fdd4e6
5,task_sens_dot,6.030163003047444,2000,full,labels,defocus_blur,5,score,True,274f49f21a03df6f7da7f330fed2fe31ff1b6bdd1be8fc9ce8088bf297fdd4e6
6,task_sens_dot,6.047472277853252,2000,full,labels,defocus_blur,5,score,True,274f49f21a03df6f7da7f330fed2fe31ff1b6bdd1be8fc9ce8088bf297fdd4e6
7,task_sens_dot,5.886147684907085,2000,full,labels,defocus_blur,5,score,True,274f49f21a03df6f7da7f330fed2fe31ff1b6bdd1be8fc9ce8088bf297fdd4e6
8,task_sens_dot,5.9253168953918625,2000,full,labels,defocus_blur,5,score,True,274f49f21a03df6f7da7f330fed2fe31ff1b6bdd1be8fc9ce8088bf297fdd4e6
9,task_sens_dot,7.072693131107437,2000,full,labels,defocus_blur,5,score,True,274f49f21a03df6f7da7f330fed2fe31ff1b6bdd1be8fc9ce8088bf297fdd4e6
10,task_sens_dot,7.616434740561425,2000,full,labels,defocus_blur,5,score,True,274f49f21a03df6f7da7f330fed2fe31ff1b6bdd1be8fc9ce8088bf297fdd4e6
11,task_sens_dot,6.7736766239274715,2000,full,labels,defocus_blur,5,score,True,274f49f21a03df6f7da7f330fed2fe31ff1b6bdd1be8fc9ce8088bf297fdd4e6
0,task_sens_cos,0.0157558994475088,2000,full,labels,defocus_blur,5,score,True,274f49f21a03df6f7da7f330fed2fe31ff1b6bdd1be8fc9ce8088bf297fdd4e6
1,task_sens_cos,0.009463213039769205,2000,full,labels,defocus_blur,5,score,True,274f49f21a03df6f7da7f330fed2fe31ff1b6bdd1be8fc9ce8088bf297fdd4e6
2,task_sens_cos,0.011617697321426715,2000,full,labels,defocus_blur,5,score,True,274f49f21a03df6f7da7f330fed2fe31ff1b6bdd1be8fc9ce8088bf297fdd4e6
3,task_sens_cos,0.010615404948881526,2000,full,labels,defocus_blur,5,score,True,274f49f21a03df6f7da7f330fed2fe31ff1b6bdd1be8fc9ce8088bf297fdd4e6
4,task_sens_cos,0.00961644506023119,2000,full,labels,defocus_blur,5,score,True,274f49f21a03df6f7da7f330fed2fe31ff1b6bdd1be8fc9ce8088bf297fdd4e6
5,task_sens_cos,0.008033062697325915,2000,full,labels,defocus_blur,5,score,True,274f49f21a03df6f7da7f330fed2fe31ff1b6bdd1be8fc9ce8088bf297fdd4e6
6,task_sens_cos,0.006885741307790597,2000,full,labels,defocus_blur,5,score,True,274f49f21a03df6f7da7f330fed2fe31ff1b6bdd1be8fc9ce8088bf297fdd4e6
7,task_sens_cos,0.006314867373463412,2000,full,labels,defocus_blur,5,score,True,274f49f21a03df6f7da7f330fed2fe31ff1b6bdd1be8fc9ce8088bf297fdd4e6
8,task_sens_cos,0.006215751881259081,2000,full,labels,defocus_blur,5,score,True,274f49f21a03df6f7da7f330fed2fe31ff1b6bdd1be8fc9ce8088bf297fdd4e6
9,task_sens_cos,0.008300717462608572,2000,full,labels,defocus_blur,5,score,True,274f49f21a03df6f7da7f330fed2fe31ff1b6bdd1be8fc9ce8088bf297fdd4e6
10,task_sens_cos,0.010469518556863695,2000,full,labels,defocus_blur,5,score,True,274f49f21a03df6f7da7f330fed2fe31ff1b6bdd1be8fc9ce8088bf297fdd4e6
11,task_sens_cos,0.008874797017877422,2000,full,labels,defocus_blur,5,score,True,274f49f21a03df6f7da7f330fed2fe31ff1b6bdd1be8fc9ce8088bf297fdd4e6
